WardCode,Total_Votes,Total_Registered,Total_Voting%,Youth_Votes,Youth_Registered,Youth_Voting%,YouthVote%_by_Total
1.0,2637.0,20737,12.72,19.0,1231,1.54,0.72
2.0,4884.0,26001,18.78,37.0,1232,3.0,0.76
3.0,4939.0,27612,17.89,67.0,1547,4.33,1.3599999999999999
4.0,4905.0,24715,19.85,47.0,2160,2.18,0.96
5.0,3396.0,19074,17.8,34.0,1100,3.09,1.0
6.0,1931.0,18509,10.43,25.0,1100,2.27,1.29
7.0,1780.0,19693,9.04,19.0,1150,1.6500000000000001,1.0699999999999998
All,24472.0,156341,15.65,248.0,9520,2.6100000000000003,1.01
