WardCode,Total_Votes,Total_Registered,Total_Voting%,Youth_Votes,Youth_Registered,Youth_Voting%,YouthVote%_by_Total
1.0,16324.0,21118,77.3,687.0,1158,59.330000000000005,4.21
2.0,21190.0,26279,80.63,614.0,1024,59.96,2.9000000000000004
3.0,24678.0,28144,87.68,1001.0,1558,64.25,4.06
4.0,21323.0,25400,83.95,1529.0,2153,71.02000000000001,7.17
5.0,14971.0,19418,77.10000000000001,645.0,1084,59.5,4.31
6.0,14415.0,18856,76.44999999999999,626.0,1069,58.56,4.34
7.0,15606.0,20041,77.86999999999999,637.0,1105,57.65,4.08
All,128507.0,159256,80.69,5739.0,9151,62.71,4.47
